threshold,quality,fallback_quality,quality_retention,quality_retention_lcb,quality_loss_rate,quality_loss_rate_ucl,routed_safety_precision,routed_safety_precision_lcb,safe_opportunity_recall,routed_fraction,macro_dataset_quality_retention,macro_dataset_quality_retention_lcb,macro_dataset_count,guarded_dataset_quality_retention,guarded_dataset_quality_retention_lcb,guarded_dataset_count,mean_resource,fallback_resource,resource_savings,conservative_resource_savings,fallback_usage,passes_quality_gate,passes_nominal_savings_gate,passes_conservative_savings_gate,passes_macro_gate,passes_harm_gate,passes_precision_gate,passes_guarded_dataset_gate,gate_pass_count,passes_base_gates,feasible_block_size,passes_stability_gate,is_feasible
0.5,0.3626112759643917,0.42433234421364985,0.8545454545454545,0.8035246065798289,0.17863501483679525,0.1944954849435215,0.8213649851632048,0.8055045150564785,0.9039843239712606,1.0,0.9426055069955502,0.723210912067586,6.0,0.5662100456621004,0.4029281609746722,6.0,0.4879167883943291,2.33217971407847,0.7907893695117219,0.7839288347495789,0.0,False,True,True,False,False,False,False,2,False,0,False,False
0.6,0.3626112759643917,0.42433234421364985,0.8545454545454545,0.8035246065798289,0.17863501483679525,0.1944954849435215,0.8213649851632048,0.8055045150564785,0.9039843239712606,1.0,0.9426055069955502,0.723210912067586,6.0,0.5662100456621004,0.4029281609746722,6.0,0.4879167883943291,2.33217971407847,0.7907893695117219,0.7839288347495789,0.0,False,True,True,False,False,False,False,2,False,0,False,False
0.7,0.3626112759643917,0.42433234421364985,0.8545454545454545,0.8035246065798289,0.17863501483679525,0.1944954849435215,0.8213649851632048,0.8055045150564785,0.9039843239712606,1.0,0.9426055069955502,0.723210912067586,6.0,0.5662100456621004,0.4029281609746722,6.0,0.4879167883943291,2.33217971407847,0.7907893695117219,0.7839288347495789,0.0,False,True,True,False,False,False,False,2,False,0,False,False
0.75,0.3810089020771513,0.42433234421364985,0.8979020979020979,0.8475995262646561,0.16439169139465876,0.1797789839635046,0.8356083086053413,0.8202210160364954,0.9196603527106466,1.0,0.9836107980008412,0.793317350954208,6.0,0.5662100456621004,0.46295934996358695,6.0,0.5543083528519618,2.33217971407847,0.7623217672695565,0.7554612325074135,0.0,False,True,True,False,False,False,False,2,False,0,False,False
0.8,0.40118694362017804,0.42433234421364985,0.9454545454545454,0.8956672877707773,0.15074183976261127,0.1656383635123214,0.8491686460807601,0.8342641878527499,0.9340300457217505,0.9994065281899109,1.0115493578224803,0.8419027771837222,6.0,0.6986301369863014,0.5384315300185378,6.0,0.6087600143752061,2.33217971407847,0.7389737974735152,0.7321132627113722,0.0005934718100890207,False,True,True,False,False,False,False,2,False,0,False,False
0.85,0.4172106824925816,0.42433234421364985,0.9832167832167832,0.9445792971150406,0.08724035608308606,0.09921977769669296,0.8721739130434782,0.8551004994525598,0.6551273677335075,0.6824925816023739,1.0280572203196348,0.8892510117331203,6.0,0.858447488584475,0.4847958201912978,6.0,1.1029105246950213,2.33217971407847,0.527090250362279,0.5202297156001359,0.31750741839762614,False,True,True,False,False,False,False,2,False,0,False,False
0.855,0.42077151335311574,0.42433234421364985,0.9916083916083916,0.9539379935520107,0.08130563798219585,0.09294011560091675,0.8753412192902639,0.8580236874188534,0.6283474853037231,0.6522255192878338,1.0326234303652968,0.896662310895235,6.0,0.8858447488584474,0.4847958201912978,6.0,1.1148096237388723,2.33217971407847,0.5219881139479963,0.5151275791858534,0.34777448071216616,False,True,True,False,False,False,False,2,False,0,False,False
0.86,0.42433234421364985,0.42433234421364985,1.0,0.9630376157943066,0.07655786350148368,0.08790410805068757,0.8776091081593927,0.8600306666971703,0.6041802743305029,0.6255192878338279,1.0371896404109588,0.9037111360793795,6.0,0.8999999999999999,0.4847958201912978,6.0,1.1253462757665675,2.33217971407847,0.5174701722284583,0.5106096374663152,0.3744807121661721,False,True,True,False,False,False,False,2,False,0,False,False
0.865,0.41602373887240357,0.42433234421364985,0.9804195804195804,0.9495560213899322,0.057566765578635014,0.06762884407979716,0.8743523316062176,0.8534138636083559,0.4408883082952319,0.458160237388724,1.008022973744292,0.9652783987235009,6.0,0.91324200913242,0.7373298501594149,6.0,1.3317985946587538,2.33217971407847,0.4289468403231539,0.422086305561011,0.541839762611276,False,True,True,False,False,False,False,2,False,0,False,False
0.87,0.41543026706231456,0.42433234421364985,0.9790209790209791,0.95964915475732,0.025519287833827894,0.03263950536913427,0.906318082788671,0.8815048371418823,0.2717178314826911,0.27240356083086054,0.9828410388127854,0.960303877310459,6.0,0.9333333333333333,0.8492562279665448,6.0,1.5599450497856908,2.33217971407847,0.33112142243202625,0.32426088766988326,0.7275964391691395,False,True,True,False,False,False,False,2,False,0,False,False
0.875,0.42136498516320475,0.42433234421364985,0.993006993006993,0.9756357449388059,0.018397626112759646,0.024605347890544176,0.9243902439024391,0.9000226367726761,0.24755062050947094,0.2433234421364985,0.9951127283105023,0.9900120857013928,6.0,0.984375,0.8492562279665448,6.0,1.5824452890867127,2.33217971407847,0.3214736928144515,0.3146131580523084,0.7566765578635015,False,True,True,True,True,True,False,5,False,0,False,False
0.88,0.42195845697329376,0.42433234421364985,0.9944055944055944,0.9774969489970151,0.017210682492581602,0.023249086455052102,0.926208651399491,0.9014818718887019,0.23775310254735468,0.23323442136498515,0.9958737633181126,0.9913652763678145,6.0,0.984375,0.8492562279665448,6.0,1.595460185229146,2.33217971407847,0.31589312110127377,0.30903258633913067,0.7667655786350148,False,True,True,True,True,True,False,5,False,0,False,False
0.885,0.42136498516320475,0.42433234421364985,0.993006993006993,0.9772334049762875,0.01543026706231454,0.021202859067839218,0.9326424870466321,0.908504754550041,0.23514043109079033,0.229080118694362,0.9934895833333334,0.9827809008662014,6.0,0.9609375,0.8325959547221239,6.0,1.6181409739531816,2.33217971407847,0.3061679748841446,0.2993074401220016,0.7709198813056379,False,True,True,True,True,True,False,5,False,0,False,False
0.89,0.42373887240356084,0.42433234421364985,0.9986013986013986,0.9838667796493041,0.012462908011869436,0.01775457423384119,0.9454545454545454,0.9231226374360131,0.23775310254735468,0.228486646884273,0.9986979166666666,0.9965561801732402,6.0,0.9921875,0.8721956953928708,6.0,1.6604113686119353,2.33217971407847,0.28804313038627694,0.28118259562413395,0.771513353115727,False,True,True,True,True,True,False,5,False,0,False,False
0.895,0.42195845697329376,0.42433234421364985,0.9944055944055944,0.9806003502787518,0.011869436201780416,0.01705811439791913,0.948051948051948,0.9261248681293599,0.23840627041149576,0.228486646884273,0.9947916666666666,0.9862247206929611,6.0,0.96875,0.8564070794367774,6.0,1.691647972304649,2.33217971407847,0.27464939254345533,0.26778885778131245,0.771513353115727,False,True,True,True,True,True,False,5,False,0,False,False
0.9,0.42255192878338277,0.42433234421364985,0.9958041958041958,0.9825860071935854,0.010682492581602374,0.015657064160292215,0.9532467532467532,0.9321670712440359,0.23971260613977793,0.228486646884273,0.99609375,0.9896685405197209,6.0,0.9765625,0.8689653432120064,6.0,1.7109979719749422,2.33217971407847,0.26635243345686144,0.25949189869471845,0.771513353115727,False,True,True,True,True,True,False,5,False,0,False,False
0.905,0.42136498516320475,0.42433234421364985,0.993006993006993,0.980197645200493,0.010682492581602374,0.015657064160292215,0.953125,0.9319927625867479,0.23905943827563683,0.22789317507418397,0.9934895833333334,0.9827809008662014,6.0,0.9609375,0.856763321972101,6.0,1.7217854925816025,2.33217971407847,0.2617269234494035,0.25486638868726064,0.7721068249258161,False,True,True,True,True,True,False,5,False,0,False,False
0.91,0.42195845697329376,0.42433234421364985,0.9944055944055944,0.982230972385406,0.009495548961424332,0.014243686505566639,0.9581151832460733,0.937787569741136,0.23905943827563683,0.22670623145400592,0.9947916666666666,0.9862247206929611,6.0,0.96875,0.8696980673464056,6.0,1.7273317519947247,2.33217971407847,0.2593487793554293,0.25248824459328634,0.7732937685459941,False,True,True,True,True,True,False,5,False,0,False,False
0.915,0.42255192878338277,0.42433234421364985,0.9958041958041958,0.9838481094003919,0.008902077151335312,0.013531692803125762,0.9597855227882037,0.9394771217037622,0.23383409536250815,0.22136498516320474,0.99609375,0.9896685405197209,6.0,0.9765625,0.8792490203573354,6.0,1.7403744482030992,2.33217971407847,0.2537562874348279,0.24689575267268493,0.7786350148367952,False,True,True,True,True,True,False,5,False,0,False,False
0.92,0.42136498516320475,0.42433234421364985,0.993006993006993,0.9824653986710397,0.00771513353115727,0.012095331149373563,0.9598765432098766,0.937807676324456,0.20313520574787722,0.19228486646884274,0.9934895833333334,0.9827809008662014,6.0,0.9609375,0.8752625251242497,6.0,1.8190188119353776,2.33217971407847,0.22003488798283333,0.21317435322069045,0.8077151335311573,False,True,True,True,True,True,False,5,False,0,False,False
0.925,0.42195845697329376,0.42433234421364985,0.9944055944055944,0.9857982969658201,0.005341246290801187,0.009158395298728602,0.96,0.9324859730816328,0.1410842586544742,0.13353115727002968,0.9947916666666666,0.9862247206929611,6.0,0.96875,0.8987899821651464,6.0,1.97789936030333,2.33217971407847,0.15190954266366619,0.1450490079015232,0.8664688427299704,False,True,True,True,True,True,False,5,False,0,False,False
0.93,0.42195845697329376,0.42433234421364985,0.9944055944055944,0.9879007453553631,0.0035608308605341245,0.00687089906415621,0.9666666666666667,0.9368452787752262,0.11365120836054866,0.10682492581602374,0.9947916666666666,0.9862247206929611,6.0,0.96875,0.9159563520226508,6.0,2.0501008537421694,2.33217971407847,0.12095073918767896,0.11409020442553597,0.8931750741839762,False,True,True,True,True,True,True,6,False,0,False,False
0.935,0.42195845697329376,0.42433234421364985,0.9944055944055944,0.9879007453553631,0.0035608308605341245,0.00687089906415621,0.9655172413793104,0.9347134895375816,0.10973220117570215,0.10326409495548962,0.9947916666666666,0.9862247206929611,6.0,0.96875,0.9159563520226508,6.0,2.0597353537091987,2.33217971407847,0.11681962531644963,0.10995909055430664,0.8967359050445104,False,True,True,True,True,True,True,6,False,0,False,False
0.94,0.42255192878338277,0.42433234421364985,0.9958041958041958,0.9918219891428799,0.0017804154302670622,0.00444645478557113,0.9797297297297297,0.9503640960242001,0.09470934030045722,0.08783382789317508,0.99609375,0.9896685405197209,6.0,0.9765625,0.9442983712286197,6.0,2.1015585724365313,2.33217971407847,0.0988865224449762,0.09202598768283321,0.9121661721068249,True,True,True,True,True,True,True,7,True,5,True,True
0.945,0.42433234421364985,0.42433234421364985,1.0,1.0,0.0,0.0016030897478467635,1.0,0.9803526903403325,0.08817766165904638,0.08011869436201781,1.0,1.0,6.0,1.0,1.0,6.0,2.1222861628091,2.33217971407847,0.08999887530207207,0.0831383405399293,0.9198813056379822,True,True,True,True,True,True,True,7,True,5,True,True
0.95,0.42433234421364985,0.42433234421364985,1.0,1.0,0.0,0.0016030897478467635,1.0,0.9803526903403325,0.08817766165904638,0.08011869436201781,1.0,1.0,6.0,1.0,1.0,6.0,2.1222861628091,2.33217971407847,0.08999887530207207,0.0831383405399293,0.9198813056379822,True,True,True,True,True,True,True,7,True,5,True,True
0.975,0.42433234421364985,0.42433234421364985,1.0,1.0,0.0,0.0016030897478467635,1.0,0.9803526903403325,0.08817766165904638,0.08011869436201781,1.0,1.0,6.0,1.0,1.0,6.0,2.1227901044510387,2.33217971407847,0.0897827934800337,0.08292225871789083,0.9198813056379822,True,True,True,True,True,True,True,7,True,5,True,True
0.99,0.42433234421364985,0.42433234421364985,1.0,1.0,0.0,0.0016030897478467635,1.0,0.9797649118787337,0.08556499020248204,0.07774480712166172,1.0,1.0,6.0,1.0,1.0,6.0,2.1309210425980876,2.33217971407847,0.08629638199211731,0.07943584722997432,0.9222551928783382,True,True,True,True,True,True,True,7,True,5,True,True
